"STATION","NAME","DATE","PRCP","SNWD","TMAX","TMIN","TOBS"
"USC00435416","MOUNT MANSFIELD, VT US","2021-10-01","0.00","0.0","46","39","43"
"USC00435416","MOUNT MANSFIELD, VT US","2021-10-02","0.48","0.0","51","41","50"
"USC00435416","MOUNT MANSFIELD, VT US","2021-10-03","0.12","0.0","53","50","51"
"USC00435416","MOUNT MANSFIELD, VT US","2021-10-04","0.00","0.0","53","46","46"
"USC00435416","MOUNT MANSFIELD, VT US","2021-10-05","0.04","0.0","56","44","54"
"USC00435416","MOUNT MANSFIELD, VT US","2021-10-06","0.00","0.0","58","50","56"
"USC00435416","MOUNT MANSFIELD, VT US","2021-10-07","0.00","0.0","60","50","56"
"USC00435416","MOUNT MANSFIELD, VT US","2021-10-08","0.00","0.0","64","49","61"
"USC00435416","MOUNT MANSFIELD, VT US","2021-10-09","0.00","0.0","61","43","48"
"USC00435416","MOUNT MANSFIELD, VT US","2021-10-10","0.00","0.0","54","44","51"
"USC00435416","MOUNT MANSFIELD, VT US","2021-10-11","0.01","0.0","62","48","61"
"USC00435416","MOUNT MANSFIELD, VT US","2021-10-12","0.00","0.0","69","54","66"
"USC00435416","MOUNT MANSFIELD, VT US","2021-10-13","0.00","0.0","66","55","60"
"USC00435416","MOUNT MANSFIELD, VT US","2021-10-14","0.20","0.0","61","55","55"
"USC00435416","MOUNT MANSFIELD, VT US","2021-10-15","0.02",,"62","53","60"
"USC00435416","MOUNT MANSFIELD, VT US","2021-10-16","0.36","0.0","62","53","53"
"USC00435416","MOUNT MANSFIELD, VT US","2021-10-17","0.61","0.0","55","37","40"
"USC00435416","MOUNT MANSFIELD, VT US","2021-10-18","0.24",,"42","33","33"
"USC00435416","MOUNT MANSFIELD, VT US","2021-10-19","0.33","1.0","34","31","33"
"USC00435416","MOUNT MANSFIELD, VT US","2021-10-20","0.00",,"55","33","51"
"USC00435416","MOUNT MANSFIELD, VT US","2021-10-21","0.19",,"54","46","49"
"USC00435416","MOUNT MANSFIELD, VT US","2021-10-22","0.13",,"52","37","37"
"USC00435416","MOUNT MANSFIELD, VT US","2021-10-23","0.00","0.0","38","25","34"
"USC00435416","MOUNT MANSFIELD, VT US","2021-10-24","0.02","0.0","40","25","39"
"USC00435416","MOUNT MANSFIELD, VT US","2021-10-25","0.33",,"39","32","34"
"USC00435416","MOUNT MANSFIELD, VT US","2021-10-26","0.12",,"46","34","44"
"USC00435416","MOUNT MANSFIELD, VT US","2021-10-27","0.05","0.0","47","38","46"
"USC00435416","MOUNT MANSFIELD, VT US","2021-10-28","0.00",,"48","35","45"
"USC00435416","MOUNT MANSFIELD, VT US","2021-10-29","0.00","0.0","51","34","47"
"USC00435416","MOUNT MANSFIELD, VT US","2021-10-30","0.13","0.0","47","32","43"
"USC00435416","MOUNT MANSFIELD, VT US","2021-10-31","1.57","0.0","45","39","43"
"USC00435416","MOUNT MANSFIELD, VT US","2021-11-01","0.38","0.0","44","32","35"
"USC00435416","MOUNT MANSFIELD, VT US","2021-11-02","0.12",,"37","29","29"
"USC00435416","MOUNT MANSFIELD, VT US","2021-11-03","0.59",,"30","27","27"
"USC00435416","MOUNT MANSFIELD, VT US","2021-11-04","0.03",,"29","20","26"
"USC00435416","MOUNT MANSFIELD, VT US","2021-11-05","0.03",,"30","21","27"
"USC00435416","MOUNT MANSFIELD, VT US","2021-11-06","0.00",,"38","25","37"
"USC00435416","MOUNT MANSFIELD, VT US","2021-11-07","0.00",,"45","30","41"
"USC00435416","MOUNT MANSFIELD, VT US","2021-11-08","0.00",,"47","37","47"
"USC00435416","MOUNT MANSFIELD, VT US","2021-11-09","0.00",,"47","41","42"
"USC00435416","MOUNT MANSFIELD, VT US","2021-11-10","0.08",,"43","32","32"
"USC00435416","MOUNT MANSFIELD, VT US","2021-11-11","0.00",,"40","29","34"
"USC00435416","MOUNT MANSFIELD, VT US","2021-11-12","0.57",,"44","33","36"
"USC00435416","MOUNT MANSFIELD, VT US","2021-11-13","0.13",,"43","33","33"
"USC00435416","MOUNT MANSFIELD, VT US","2021-11-14","0.55",,"33","26","27"
"USC00435416","MOUNT MANSFIELD, VT US","2021-11-15","0.47",,"29","26","26"
"USC00435416","MOUNT MANSFIELD, VT US","2021-11-16","0.26",,"26","21","21"
"USC00435416","MOUNT MANSFIELD, VT US","2021-11-17","0.01",,"32","15","32"
"USC00435416","MOUNT MANSFIELD, VT US","2021-11-18","0.69",,"47","32","39"
"USC00435416","MOUNT MANSFIELD, VT US","2021-11-19","0.28",,"39","21","21"
"USC00435416","MOUNT MANSFIELD, VT US","2021-11-20","0.02",,"29","17","23"
"USC00435416","MOUNT MANSFIELD, VT US","2021-11-21","0.03","6.0","34","22","29"
"USC00435416","MOUNT MANSFIELD, VT US","2021-11-22","0.20","8.0","34","23","23"
"USC00435416","MOUNT MANSFIELD, VT US","2021-11-23","0.06","9.0","23","11","11"
"USC00435416","MOUNT MANSFIELD, VT US","2021-11-24","0.04","10.0","27","11","20"
"USC00435416","MOUNT MANSFIELD, VT US","2021-11-25","0.00","8.0","40","20","35"
"USC00435416","MOUNT MANSFIELD, VT US","2021-11-26","0.45","11.0","35","25","25"
"USC00435416","MOUNT MANSFIELD, VT US","2021-11-27",,"18.0","27","11","12"
"USC00435416","MOUNT MANSFIELD, VT US","2021-11-28","0.00","18.0","26","10","14"
"USC00435416","MOUNT MANSFIELD, VT US","2021-11-29","0.01","17.0","25","12","18"
"USC00435416","MOUNT MANSFIELD, VT US","2021-11-30","0.01","17.0","19","9","18"
"USC00435416","MOUNT MANSFIELD, VT US","2021-12-01","0.15","16.0","25","18","18"
"USC00435416","MOUNT MANSFIELD, VT US","2021-12-02","0.05","17.0","34","17","34"
"USC00435416","MOUNT MANSFIELD, VT US","2021-12-03","0.22","19.0","34","10","10"
"USC00435416","MOUNT MANSFIELD, VT US","2021-12-04","0.05","19.0","22","5","19"
"USC00435416","MOUNT MANSFIELD, VT US","2021-12-05","0.13","21.0","22","15","18"
"USC00435416","MOUNT MANSFIELD, VT US","2021-12-06","0.04","20.0","43","16","42"
"USC00435416","MOUNT MANSFIELD, VT US","2021-12-07","0.25","17.0","43","13","13"
"USC00435416","MOUNT MANSFIELD, VT US","2021-12-08","0.08","18.0","17","8","15"
"USC00435416","MOUNT MANSFIELD, VT US","2021-12-09","0.06","21.0","17","8","8"
"USC00435416","MOUNT MANSFIELD, VT US","2021-12-10","0.07","21.0","27","6","26"
"USC00435416","MOUNT MANSFIELD, VT US","2021-12-11","0.17","19.0","47","26","46"
"USC00435416","MOUNT MANSFIELD, VT US","2021-12-12","0.29","13.0","49","19","28"
"USC00435416","MOUNT MANSFIELD, VT US","2021-12-13","0.00",,"33","24","33"
"USC00435416","MOUNT MANSFIELD, VT US","2021-12-14","0.00",,"33","19","19"
"USC00435416","MOUNT MANSFIELD, VT US","2021-12-15","0.00",,"35","18","30"
"USC00435416","MOUNT MANSFIELD, VT US","2021-12-16","0.64","16.0","46","27","45"
"USC00435416","MOUNT MANSFIELD, VT US","2021-12-17","0.02",,"48","26","27"
"USC00435416","MOUNT MANSFIELD, VT US","2021-12-18","0.18",,"27","17","18"
"USC00435416","MOUNT MANSFIELD, VT US","2021-12-19","0.42","17.0","24","8","8"
"USC00435416","MOUNT MANSFIELD, VT US","2021-12-20","0.02",,"17","3","13"
"USC00435416","MOUNT MANSFIELD, VT US","2021-12-21","0.01","19.0","23","13","19"
"USC00435416","MOUNT MANSFIELD, VT US","2021-12-22","0.01","18.0","26","17","17"
"USC00435416","MOUNT MANSFIELD, VT US","2021-12-23","0.01","18.0","18","-2","1"
"USC00435416","MOUNT MANSFIELD, VT US","2021-12-24","0.00","18.0","20","0","16"
"USC00435416","MOUNT MANSFIELD, VT US","2021-12-25","0.02",,"32","16","30"
"USC00435416","MOUNT MANSFIELD, VT US","2021-12-26","0.02",,"32","16","17"
"USC00435416","MOUNT MANSFIELD, VT US","2021-12-27","0.03","19.0","32","12","19"
"USC00435416","MOUNT MANSFIELD, VT US","2021-12-28","0.00","19.0","26","19","21"
"USC00435416","MOUNT MANSFIELD, VT US","2021-12-29","0.00","19.0","27","20","27"
"USC00435416","MOUNT MANSFIELD, VT US","2021-12-30","0.01","20.0","30","25","28"
"USC00435416","MOUNT MANSFIELD, VT US","2021-12-31","0.07","19.0","34","28","33"
"USC00435416","MOUNT MANSFIELD, VT US","2022-01-01","0.01","19.0","38","29","38"
"USC00435416","MOUNT MANSFIELD, VT US","2022-01-02","0.22","19.0","38","14","14"
"USC00435416","MOUNT MANSFIELD, VT US","2022-01-03","0.00","19.0","14","0","8"
"USC00435416","MOUNT MANSFIELD, VT US","2022-01-04","0.00","19.0","16","-2","16"
"USC00435416","MOUNT MANSFIELD, VT US","2022-01-05","0.00","19.0","27","14","26"
"USC00435416","MOUNT MANSFIELD, VT US","2022-01-06","0.02","20.0","28","17","17"
"USC00435416","MOUNT MANSFIELD, VT US","2022-01-07","0.14","25.0","17","8","8"
"USC00435416","MOUNT MANSFIELD, VT US","2022-01-08","0.05","25.0","12","-8","10"
"USC00435416","MOUNT MANSFIELD, VT US","2022-01-09","0.14","25.0","28","6","27"
"USC00435416","MOUNT MANSFIELD, VT US","2022-01-10","0.06","27.0","28","0","0"
"USC00435416","MOUNT MANSFIELD, VT US","2022-01-11","0.04","27.0","2","-24","-7"
"USC00435416","MOUNT MANSFIELD, VT US","2022-01-12","0.00","27.0","13","-14","13"
"USC00435416","MOUNT MANSFIELD, VT US","2022-01-13","0.01","27.0","25","13","24"
"USC00435416","MOUNT MANSFIELD, VT US","2022-01-14","0.05","28.0","27","4","4"
"USC00435416","MOUNT MANSFIELD, VT US","2022-01-15","0.00","28.0","4","-14","-1"
"USC00435416","MOUNT MANSFIELD, VT US","2022-01-16","0.00","28.0","18","-7","15"
"USC00435416","MOUNT MANSFIELD, VT US","2022-01-17","0.45","34.0","28","6","26"
"USC00435416","MOUNT MANSFIELD, VT US","2022-01-18",,"35.0","26","-7","-7"
"USC00435416","MOUNT MANSFIELD, VT US","2022-01-19",,"35.0","23","-8","23"
"USC00435416","MOUNT MANSFIELD, VT US","2022-01-20","0.00","35.0","25","-2","2"
"USC00435416","MOUNT MANSFIELD, VT US","2022-01-21","0.00","34.0","11","-13","4"
"USC00435416","MOUNT MANSFIELD, VT US","2022-01-22","0.00","34.0","13","-3","6"
"USC00435416","MOUNT MANSFIELD, VT US","2022-01-23","0.05","36.0","13","5","9"
"USC00435416","MOUNT MANSFIELD, VT US","2022-01-24","0.03","37.0","9","-6","3"
"USC00435416","MOUNT MANSFIELD, VT US","2022-01-25","0.13","37.0","16","3","11"
"USC00435416","MOUNT MANSFIELD, VT US","2022-01-26","0.00","36.0","11","-10","-3"
"USC00435416","MOUNT MANSFIELD, VT US","2022-01-27","0.00","36.0","10","-9","9"
"USC00435416","MOUNT MANSFIELD, VT US","2022-01-28","0.05","36.0","14","6","6"
"USC00435416","MOUNT MANSFIELD, VT US","2022-01-29","0.01","37.0","8","-5","-1"
"USC00435416","MOUNT MANSFIELD, VT US","2022-01-30","0.02","36.0","4","-11","3"
"USC00435416","MOUNT MANSFIELD, VT US","2022-01-31","0.00","36.0","13","0","9"
"USC00435416","MOUNT MANSFIELD, VT US","2022-02-01","0.00","35.0","20","7","15"
"USC00435416","MOUNT MANSFIELD, VT US","2022-02-02","0.00","35.0","36","14","32"
"USC00435416","MOUNT MANSFIELD, VT US","2022-02-03","0.28","38.0","39","25","25"
"USC00435416","MOUNT MANSFIELD, VT US","2022-02-04","0.83","47.0","25","13","14"
"USC00435416","MOUNT MANSFIELD, VT US","2022-02-05","0.07","46.0","16","-5","-3"
"USC00435416","MOUNT MANSFIELD, VT US","2022-02-06","0.00","45.0","9","-9","8"
"USC00435416","MOUNT MANSFIELD, VT US","2022-02-07","0.00","44.0","23","8","22"
"USC00435416","MOUNT MANSFIELD, VT US","2022-02-08","0.00","44.0","29","17","20"
"USC00435416","MOUNT MANSFIELD, VT US","2022-02-09","0.00","43.0","32","12","30"
"USC00435416","MOUNT MANSFIELD, VT US","2022-02-10","0.12","44.0","31","26","26"
"USC00435416","MOUNT MANSFIELD, VT US","2022-02-11","0.00","44.0","28","19","27"
"USC00435416","MOUNT MANSFIELD, VT US","2022-02-12","0.05","44.0","35","18","18"
"USC00435416","MOUNT MANSFIELD, VT US","2022-02-13","0.00","44.0","21","-1","4"
"USC00435416","MOUNT MANSFIELD, VT US","2022-02-14","0.02","44.0","5","-10","-4"
"USC00435416","MOUNT MANSFIELD, VT US","2022-02-15","0.03","43.0","4","-11","4"
"USC00435416","MOUNT MANSFIELD, VT US","2022-02-16","0.01","43.0","30","-2","27"
"USC00435416","MOUNT MANSFIELD, VT US","2022-02-17","0.23","41.0","39","27","39"
"USC00435416","MOUNT MANSFIELD, VT US","2022-02-18",,"37.0","45","2","2"
"USC00435416","MOUNT MANSFIELD, VT US","2022-02-19",,"38.0","15","-4","9"
"USC00435416","MOUNT MANSFIELD, VT US","2022-02-20",,"38.0","13","-8","13"
"USC00435416","MOUNT MANSFIELD, VT US","2022-02-21","0.00","38.0","31","13","30"
"USC00435416","MOUNT MANSFIELD, VT US","2022-02-22","0.01","38.0","39","28","37"
"USC00435416","MOUNT MANSFIELD, VT US","2022-02-23","0.25","32.0","45","15","15"
"USC00435416","MOUNT MANSFIELD, VT US","2022-02-24",,"34.0","15","-6","6"
"USC00435416","MOUNT MANSFIELD, VT US","2022-02-25",,"44.0","11","3","9"
"USC00435416","MOUNT MANSFIELD, VT US","2022-02-26",,"44.0","12","-5","11"
"USC00435416","MOUNT MANSFIELD, VT US","2022-02-27",,"48.0","18","9","12"
"USC00435416","MOUNT MANSFIELD, VT US","2022-02-28",,"48.0","12","-11","7"
"USC00435416","MOUNT MANSFIELD, VT US","2022-03-01",,"49.0","20","-2","19"
"USC00435416","MOUNT MANSFIELD, VT US","2022-03-02",,"53.0","24","6","19"
"USC00435416","MOUNT MANSFIELD, VT US","2022-03-03",,"57.0","19","3","3"
"USC00435416","MOUNT MANSFIELD, VT US","2022-03-04",,"57.0","10","-6","10"
"USC00435416","MOUNT MANSFIELD, VT US","2022-03-05","0.16","53.0","29","9","25"
"USC00435416","MOUNT MANSFIELD, VT US","2022-03-06",,"46.0","48","19","48"
"USC00435416","MOUNT MANSFIELD, VT US","2022-03-07","0.03","42.0","48","26","37"
"USC00435416","MOUNT MANSFIELD, VT US","2022-03-08","0.44","43.0","45","9","16"
"USC00435416","MOUNT MANSFIELD, VT US","2022-03-09",,"42.0","24","12","22"
"USC00435416","MOUNT MANSFIELD, VT US","2022-03-10","0.06","42.0","29","21","27"
"USC00435416","MOUNT MANSFIELD, VT US","2022-03-11","0.00","41.0","30","20","30"
"USC00435416","MOUNT MANSFIELD, VT US","2022-03-12","1.04","57.0","32","10","11"
"USC00435416","MOUNT MANSFIELD, VT US","2022-03-13",,"56.0","13","-1","12"
"USC00435416","MOUNT MANSFIELD, VT US","2022-03-14","0.15","56.0","28","8","27"
"USC00435416","MOUNT MANSFIELD, VT US","2022-03-15","0.06","56.0","32","23","29"
"USC00435416","MOUNT MANSFIELD, VT US","2022-03-16","0.02","54.0","34","26","32"
"USC00435416","MOUNT MANSFIELD, VT US","2022-03-17","0.00","49.0","55","32","53"
"USC00435416","MOUNT MANSFIELD, VT US","2022-03-18","0.00","45.0","53","41","45"
"USC00435416","MOUNT MANSFIELD, VT US","2022-03-19","0.10","40.0","45","35","38"
"USC00435416","MOUNT MANSFIELD, VT US","2022-03-20","0.13","38.0","43","31","31"
"USC00435416","MOUNT MANSFIELD, VT US","2022-03-21","0.22","44.0","31","23","24"
"USC00435416","MOUNT MANSFIELD, VT US","2022-03-22",,"44.0","25","11","18"
"USC00435416","MOUNT MANSFIELD, VT US","2022-03-23","0.00","44.0","31","15","29"
"USC00435416","MOUNT MANSFIELD, VT US","2022-03-24",,"45.0","30","25","28"
"USC00435416","MOUNT MANSFIELD, VT US","2022-03-25","0.34","47.0","34","26","32"
"USC00435416","MOUNT MANSFIELD, VT US","2022-03-26","0.04","48.0","33","26","30"
"USC00435416","MOUNT MANSFIELD, VT US","2022-03-27",,"53.0","32","19","19"
"USC00435416","MOUNT MANSFIELD, VT US","2022-03-28",,"53.0","19","-4","1"
"USC00435416","MOUNT MANSFIELD, VT US","2022-03-29",,"52.0","17","-2","12"
"USC00435416","MOUNT MANSFIELD, VT US","2022-03-30","0.00","52.0","33","5","32"
"USC00435416","MOUNT MANSFIELD, VT US","2022-03-31",,"51.0","49","23","48"
"USC00435416","MOUNT MANSFIELD, VT US","2022-04-01",,"50.0","51","24","27"
"USC00435416","MOUNT MANSFIELD, VT US","2022-04-02","0.31","56.0","28","14","26"
"USC00435416","MOUNT MANSFIELD, VT US","2022-04-03","0.00","56.0","34","21","29"
"USC00435416","MOUNT MANSFIELD, VT US","2022-04-04","0.08","55.0","34","22","34"
"USC00435416","MOUNT MANSFIELD, VT US","2022-04-05","0.00","54.0","42","26","40"
"USC00435416","MOUNT MANSFIELD, VT US","2022-04-06","0.00","53.0","52","32","52"
"USC00435416","MOUNT MANSFIELD, VT US","2022-04-07","0.07","53.0","53","30","30"
"USC00435416","MOUNT MANSFIELD, VT US","2022-04-08","1.00",,"34","27","34"
"USC00435416","MOUNT MANSFIELD, VT US","2022-04-09","0.67","57.0","35","30","30"
"USC00435416","MOUNT MANSFIELD, VT US","2022-04-10","0.71","61.0","31","26","29"
"USC00435416","MOUNT MANSFIELD, VT US","2022-04-11","0.03","60.0","43","21","41"
"USC00435416","MOUNT MANSFIELD, VT US","2022-04-12","0.32","55.0","48","37","48"
"USC00435416","MOUNT MANSFIELD, VT US","2022-04-13","0.23","52.0","48","36","38"
"USC00435416","MOUNT MANSFIELD, VT US","2022-04-14","0.30","50.0","56","38","49"
"USC00435416","MOUNT MANSFIELD, VT US","2022-04-15","0.42","48.0","51","33","45"
"USC00435416","MOUNT MANSFIELD, VT US","2022-04-16","0.08","47.0","46","27","30"
"USC00435416","MOUNT MANSFIELD, VT US","2022-04-17","0.06","47.0","31","19","24"
"USC00435416","MOUNT MANSFIELD, VT US","2022-04-18","0.00","47.0","46","22","43"
"USC00435416","MOUNT MANSFIELD, VT US","2022-04-19",,"58.0","43","25","28"
"USC00435416","MOUNT MANSFIELD, VT US","2022-04-20",,"62.0","30","21","28"
"USC00435416","MOUNT MANSFIELD, VT US","2022-04-21",,"60.0","33","22","33"
"USC00435416","MOUNT MANSFIELD, VT US","2022-04-22",,"57.0","39","31","32"
"USC00435416","MOUNT MANSFIELD, VT US","2022-04-23",,"55.0","40","27","39"
"USC00435416","MOUNT MANSFIELD, VT US","2022-04-24","0.00","54.0","50","30","46"
"USC00435416","MOUNT MANSFIELD, VT US","2022-04-25",,"53.0","56","38","54"
"USC00435416","MOUNT MANSFIELD, VT US","2022-04-26",,"48.0","56","41","43"
"USC00435416","MOUNT MANSFIELD, VT US","2022-04-27",,"52.0","44","25","25"
"USC00435416","MOUNT MANSFIELD, VT US","2022-04-28",,"55.0","27","18","27"
"USC00435416","MOUNT MANSFIELD, VT US","2022-04-29",,"55.0","35","17","34"
"USC00435416","MOUNT MANSFIELD, VT US","2022-04-30","0.00","55.0","42","28","40"
"USC00435416","MOUNT MANSFIELD, VT US","2022-05-01","0.00","53.0","58","35","54"
"USC00435416","MOUNT MANSFIELD, VT US","2022-05-02",,"51.0","56","36","36"
"USC00435416","MOUNT MANSFIELD, VT US","2022-05-03",,"47.0","47","36","45"
"USC00435416","MOUNT MANSFIELD, VT US","2022-05-04",,"44.0","47","40","45"
"USC00435416","MOUNT MANSFIELD, VT US","2022-05-05",,"42.0","47","30","46"
"USC00435416","MOUNT MANSFIELD, VT US","2022-05-06","0.00","39.0","49","36","47"
"USC00435416","MOUNT MANSFIELD, VT US","2022-05-07","0.00","38.0","51","29","46"
"USC00435416","MOUNT MANSFIELD, VT US","2022-05-08","0.00","36.0","56","34","55"
"USC00435416","MOUNT MANSFIELD, VT US","2022-05-09","0.00","34.0","64","41","62"
"USC00435416","MOUNT MANSFIELD, VT US","2022-05-10","0.00","31.0","68","41","65"
"USC00435416","MOUNT MANSFIELD, VT US","2022-05-11","0.00","28.0","73","49","72"
"USC00435416","MOUNT MANSFIELD, VT US","2022-05-12","0.00","20.0","78","57","76"
"USC00435416","MOUNT MANSFIELD, VT US","2022-05-13","0.00","12.0","77","58","74"
"USC00435416","MOUNT MANSFIELD, VT US","2022-05-14","0.23","6.0","78","59","71"
"USC00435416","MOUNT MANSFIELD, VT US","2022-05-15",,"3.0","76","55","60"
"USC00435416","MOUNT MANSFIELD, VT US","2022-05-16","0.08","1.0","69","56","58"
"USC00435416","MOUNT MANSFIELD, VT US","2022-05-17","1.34","1.0","58","41","42"
"USC00435416","MOUNT MANSFIELD, VT US","2022-05-18",,"1.0","47","30","47"
"USC00435416","MOUNT MANSFIELD, VT US","2022-05-19","0.27","1.0","50","38","44"
"USC00435416","MOUNT MANSFIELD, VT US","2022-05-20","0.00","0.0","68","40","68"
"USC00435416","MOUNT MANSFIELD, VT US","2022-05-21","0.00","0.0","79","57","76"
"USC00435416","MOUNT MANSFIELD, VT US","2022-05-22","0.27","0.0","77","59","66"
"USC00435416","MOUNT MANSFIELD, VT US","2022-05-23","0.00","0.0","66","35","48"
"USC00435416","MOUNT MANSFIELD, VT US","2022-05-24","0.00","0.0","56","36","53"
"USC00435416","MOUNT MANSFIELD, VT US","2022-05-25","0.00","0.0","63","45","61"
"USC00435416","MOUNT MANSFIELD, VT US","2022-05-26","0.00","0.0","67","52","63"
"USC00435416","MOUNT MANSFIELD, VT US","2022-05-27","0.04","0.0","63","54","62"
"USC00435416","MOUNT MANSFIELD, VT US","2022-05-28","0.46","0.0","63","49","49"
"USC00435416","MOUNT MANSFIELD, VT US","2022-05-29","0.00","0.0","67","48","65"
"USC00435416","MOUNT MANSFIELD, VT US","2022-05-30","0.00","0.0","72","53","71"
"USC00435416","MOUNT MANSFIELD, VT US","2022-05-31","0.00","0.0","71","57","64"
"USC00435416","MOUNT MANSFIELD, VT US","2022-06-01","0.08","0.0","64","46","53"
"USC00435416","MOUNT MANSFIELD, VT US","2022-06-02","0.70","0.0","58","53","57"
"USC00435416","MOUNT MANSFIELD, VT US","2022-06-03","0.00","0.0","61","52","59"
"USC00435416","MOUNT MANSFIELD, VT US","2022-06-04","0.00","0.0","64","50","62"
"USC00435416","MOUNT MANSFIELD, VT US","2022-06-05","0.00","0.0","63","40","54"
"USC00435416","MOUNT MANSFIELD, VT US","2022-06-06","0.00","0.0","65","48","60"
"USC00435416","MOUNT MANSFIELD, VT US","2022-06-07","0.00","0.0","73","54","65"
"USC00435416","MOUNT MANSFIELD, VT US","2022-06-08","0.69","0.0","65","50","56"
"USC00435416","MOUNT MANSFIELD, VT US","2022-06-09","0.83","0.0","60","49","49"
"USC00435416","MOUNT MANSFIELD, VT US","2022-06-10","0.08","0.0","51","46","49"
"USC00435416","MOUNT MANSFIELD, VT US","2022-06-11","0.00","0.0","63","46","61"
"USC00435416","MOUNT MANSFIELD, VT US","2022-06-12","0.00","0.0","70","52","64"
"USC00435416","MOUNT MANSFIELD, VT US","2022-06-13","0.03","0.0","64","55","60"
"USC00435416","MOUNT MANSFIELD, VT US","2022-06-14","0.00","0.0","66","49","62"
"USC00435416","MOUNT MANSFIELD, VT US","2022-06-15","0.00","0.0","67","55","65"
"USC00435416","MOUNT MANSFIELD, VT US","2022-06-16","0.05","0.0","65","55","63"
"USC00435416","MOUNT MANSFIELD, VT US","2022-06-17","0.07","0.0","64","57","60"
"USC00435416","MOUNT MANSFIELD, VT US","2022-06-18","1.02","0.0","63","37","39"
"USC00435416","MOUNT MANSFIELD, VT US","2022-06-19","0.12","0.0","53","36","51"
"USC00435416","MOUNT MANSFIELD, VT US","2022-06-20","0.00","0.0","60","47","59"
"USC00435416","MOUNT MANSFIELD, VT US","2022-06-21","0.00","0.0","64","54","56"
"USC00435416","MOUNT MANSFIELD, VT US","2022-06-22","0.17","0.0","58","49","53"
"USC00435416","MOUNT MANSFIELD, VT US","2022-06-23","0.03","0.0","55","50","52"
"USC00435416","MOUNT MANSFIELD, VT US","2022-06-24","0.05","0.0","68","52","65"
"USC00435416","MOUNT MANSFIELD, VT US","2022-06-25","0.00","0.0","75","56","75"
"USC00435416","MOUNT MANSFIELD, VT US","2022-06-26","0.00","0.0","83","64","80"
"USC00435416","MOUNT MANSFIELD, VT US","2022-06-27","0.69","0.0","80","58","59"
"USC00435416","MOUNT MANSFIELD, VT US","2022-06-28","0.12","0.0","63","50","60"
"USC00435416","MOUNT MANSFIELD, VT US","2022-06-29","0.00","0.0","66","52","66"
"USC00435416","MOUNT MANSFIELD, VT US","2022-06-30","0.00","0.0","66","47","62"
"USC00435416","MOUNT MANSFIELD, VT US","2022-07-01","0.00","0.0","74","58","69"
"USC00435416","MOUNT MANSFIELD, VT US","2022-07-02","0.44","0.0","72","57","66"
"USC00435416","MOUNT MANSFIELD, VT US","2022-07-03","0.00","0.0","68","51","64"
"USC00435416","MOUNT MANSFIELD, VT US","2022-07-04","0.00","0.0","66","50","64"
"USC00435416","MOUNT MANSFIELD, VT US","2022-07-05","0.00","0.0","66","56","60"
"USC00435416","MOUNT MANSFIELD, VT US","2022-07-06","0.30","0.0","61","52","58"
"USC00435416","MOUNT MANSFIELD, VT US","2022-07-07","0.00","0.0","68","51","67"
"USC00435416","MOUNT MANSFIELD, VT US","2022-07-08","0.00","0.0","67","56","63"
"USC00435416","MOUNT MANSFIELD, VT US","2022-07-09","0.00","0.0","67","48","58"
"USC00435416","MOUNT MANSFIELD, VT US","2022-07-10","0.00","0.0","66","50","66"
"USC00435416","MOUNT MANSFIELD, VT US","2022-07-11","0.00","0.0","74","55","68"
"USC00435416","MOUNT MANSFIELD, VT US","2022-07-12","0.30","0.0","74","60","68"
"USC00435416","MOUNT MANSFIELD, VT US","2022-07-13","0.00","0.0","70","55","66"
"USC00435416","MOUNT MANSFIELD, VT US","2022-07-14","0.02","0.0","67","52","61"
"USC00435416","MOUNT MANSFIELD, VT US","2022-07-15","0.00","0.0","69","52","67"
"USC00435416","MOUNT MANSFIELD, VT US","2022-07-16","0.00","0.0","72","58","71"
"USC00435416","MOUNT MANSFIELD, VT US","2022-07-17","0.00","0.0","75","59","74"
"USC00435416","MOUNT MANSFIELD, VT US","2022-07-18","0.39","0.0","76","62","62"
"USC00435416","MOUNT MANSFIELD, VT US","2022-07-19","1.36","0.0","70","60","69"
"USC00435416","MOUNT MANSFIELD, VT US","2022-07-20","0.04","0.0","77","64","72"
"USC00435416","MOUNT MANSFIELD, VT US","2022-07-21","0.00","0.0","76","64","72"
"USC00435416","MOUNT MANSFIELD, VT US","2022-07-22","0.29","0.0","76","59","74"
"USC00435416","MOUNT MANSFIELD, VT US","2022-07-23","0.00","0.0","77","63","72"
"USC00435416","MOUNT MANSFIELD, VT US","2022-07-24","0.23","0.0","80","66","70"
"USC00435416","MOUNT MANSFIELD, VT US","2022-07-25","0.48","0.0","70","61","64"
"USC00435416","MOUNT MANSFIELD, VT US","2022-07-26","0.14","0.0","66","52","62"
"USC00435416","MOUNT MANSFIELD, VT US","2022-07-27","0.00","0.0","68","53","65"
"USC00435416","MOUNT MANSFIELD, VT US","2022-07-28","0.00","0.0","75","59","67"
"USC00435416","MOUNT MANSFIELD, VT US","2022-07-29","1.27","0.0","71","56","64"
"USC00435416","MOUNT MANSFIELD, VT US","2022-07-30","0.00","0.0","66","51","54"
"USC00435416","MOUNT MANSFIELD, VT US","2022-07-31","0.00","0.0","67","53","65"
"USC00435416","MOUNT MANSFIELD, VT US","2022-08-01","0.00","0.0","74","57","74"
"USC00435416","MOUNT MANSFIELD, VT US","2022-08-02","0.52","0.0","75","60","62"
"USC00435416","MOUNT MANSFIELD, VT US","2022-08-03","0.21","0.0","70","49","70"
"USC00435416","MOUNT MANSFIELD, VT US","2022-08-04","0.07","0.0","70","63","66"
"USC00435416","MOUNT MANSFIELD, VT US","2022-08-05","0.03","0.0","69","63","68"
"USC00435416","MOUNT MANSFIELD, VT US","2022-08-06","0.00","0.0","78","62","77"
"USC00435416","MOUNT MANSFIELD, VT US","2022-08-07","0.00","0.0","79","64","75"
"USC00435416","MOUNT MANSFIELD, VT US","2022-08-08","0.00","0.0","76",,
"USC00435416","MOUNT MANSFIELD, VT US","2022-08-09","0.40","0.0","75","55","57"
"USC00435416","MOUNT MANSFIELD, VT US","2022-08-10","0.02","0.0","59","51","57"
"USC00435416","MOUNT MANSFIELD, VT US","2022-08-11","0.17","0.0","66","54","57"
"USC00435416","MOUNT MANSFIELD, VT US","2022-08-12","0.02","0.0","59","45","51"
"USC00435416","MOUNT MANSFIELD, VT US","2022-08-13","0.00","0.0","59","47","57"
"USC00435416","MOUNT MANSFIELD, VT US","2022-08-14","0.00","0.0","65","50","63"
"USC00435416","MOUNT MANSFIELD, VT US","2022-08-15","0.00","0.0","68","53","66"
"USC00435416","MOUNT MANSFIELD, VT US","2022-08-16","0.03","0.0","73","55","63"
"USC00435416","MOUNT MANSFIELD, VT US","2022-08-17","0.02","0.0","68","55","61"
"USC00435416","MOUNT MANSFIELD, VT US","2022-08-18","0.44","0.0","62","48","53"
"USC00435416","MOUNT MANSFIELD, VT US","2022-08-19","0.05","0.0","71","51","69"
"USC00435416","MOUNT MANSFIELD, VT US","2022-08-20","0.07","0.0","79","59","79"
"USC00435416","MOUNT MANSFIELD, VT US","2022-08-21","0.00","0.0","79","64","68"
"USC00435416","MOUNT MANSFIELD, VT US","2022-08-22","0.00","0.0","76","59","68"
"USC00435416","MOUNT MANSFIELD, VT US","2022-08-23","0.06","0.0","68","59","63"
"USC00435416","MOUNT MANSFIELD, VT US","2022-08-24","0.43","0.0","67","58","66"
"USC00435416","MOUNT MANSFIELD, VT US","2022-08-25","0.00","0.0","68","57","60"
"USC00435416","MOUNT MANSFIELD, VT US","2022-08-26","0.07","0.0","65","56","60"
"USC00435416","MOUNT MANSFIELD, VT US","2022-08-27","0.17","0.0","61","49","60"
"USC00435416","MOUNT MANSFIELD, VT US","2022-08-28","0.00","0.0","69","51","66"
"USC00435416","MOUNT MANSFIELD, VT US","2022-08-29","0.00","0.0","75","58","74"
"USC00435416","MOUNT MANSFIELD, VT US","2022-08-30","0.00","0.0","74","60","71"
"USC00435416","MOUNT MANSFIELD, VT US","2022-08-31","0.55","0.0","71","50","59"
"USC00435416","MOUNT MANSFIELD, VT US","2022-09-01","0.01","0.0","74","43","44"
"USC00435416","MOUNT MANSFIELD, VT US","2022-09-02","0.00","0.0","64","41","63"
"USC00435416","MOUNT MANSFIELD, VT US","2022-09-03","0.00","0.0","70","56","67"
"USC00435416","MOUNT MANSFIELD, VT US","2022-09-04","0.02","0.0","69","57","59"
"USC00435416","MOUNT MANSFIELD, VT US","2022-09-05","0.03","0.0","61","56","59"
"USC00435416","MOUNT MANSFIELD, VT US","2022-09-06","0.28","0.0","59","52","54"
"USC00435416","MOUNT MANSFIELD, VT US","2022-09-07","0.00","0.0","64","51","59"
"USC00435416","MOUNT MANSFIELD, VT US","2022-09-08","0.00","0.0","66","53","62"
"USC00435416","MOUNT MANSFIELD, VT US","2022-09-09","0.00","0.0","66","56","65"
"USC00435416","MOUNT MANSFIELD, VT US","2022-09-10","0.00","0.0","70","57","69"
"USC00435416","MOUNT MANSFIELD, VT US","2022-09-11","0.00","0.0","72","58","66"
"USC00435416","MOUNT MANSFIELD, VT US","2022-09-12","0.00","0.0","70","56","64"
"USC00435416","MOUNT MANSFIELD, VT US","2022-09-13","0.39","0.0","68","58","58"
"USC00435416","MOUNT MANSFIELD, VT US","2022-09-14",,"0.0","59","50","54"
"USC00435416","MOUNT MANSFIELD, VT US","2022-09-15","0.00","0.0","55","36","43"
"USC00435416","MOUNT MANSFIELD, VT US","2022-09-16","0.00","0.0","49","38","49"
"USC00435416","MOUNT MANSFIELD, VT US","2022-09-17","0.00","0.0","56","40","53"
"USC00435416","MOUNT MANSFIELD, VT US","2022-09-18","0.56","0.0","58","50","57"
"USC00435416","MOUNT MANSFIELD, VT US","2022-09-19","0.89","0.0","58","54","57"
"USC00435416","MOUNT MANSFIELD, VT US","2022-09-20",,"0.0","58","50","50"
"USC00435416","MOUNT MANSFIELD, VT US","2022-09-21",,"0.0","62","44","59"
"USC00435416","MOUNT MANSFIELD, VT US","2022-09-22","0.68","0.0","59","44","44"
"USC00435416","MOUNT MANSFIELD, VT US","2022-09-23","0.33","0.0","44","30","31"
"USC00435416","MOUNT MANSFIELD, VT US","2022-09-24","0.00","0.0","48","31","47"
"USC00435416","MOUNT MANSFIELD, VT US","2022-09-25","0.01",,"48","40","45"
"USC00435416","MOUNT MANSFIELD, VT US","2022-09-26","0.56","0.0","52","43","51"
"USC00435416","MOUNT MANSFIELD, VT US","2022-09-27","0.19","0.0","51","41","44"
"USC00435416","MOUNT MANSFIELD, VT US","2022-09-28","0.99","0.0","45","43","44"
"USC00435416","MOUNT MANSFIELD, VT US","2022-09-29","0.19","0.0","45","33","37"
"USC00435416","MOUNT MANSFIELD, VT US","2022-09-30","0.00","0.0","54","35","48"
"USC00435416","MOUNT MANSFIELD, VT US","2022-10-01","0.00","0.0","59","44","54"
"USC00435416","MOUNT MANSFIELD, VT US","2022-10-02","0.00","0.0","56","36","42"
"USC00435416","MOUNT MANSFIELD, VT US","2022-10-03","0.00","0.0","52","33","52"
"USC00435416","MOUNT MANSFIELD, VT US","2022-10-04","0.00","0.0","55","39","49"
"USC00435416","MOUNT MANSFIELD, VT US","2022-10-05","0.00","0.0","65","47","61"
"USC00435416","MOUNT MANSFIELD, VT US","2022-10-06","0.00","0.0","63","50","61"
"USC00435416","MOUNT MANSFIELD, VT US","2022-10-07","0.33",,"62","42","42"
"USC00435416","MOUNT MANSFIELD, VT US","2022-10-08","0.05",,"42","25","32"
"USC00435416","MOUNT MANSFIELD, VT US","2022-10-09","0.06",,"35","30","34"
"USC00435416","MOUNT MANSFIELD, VT US","2022-10-10","0.02",,"38","30","35"
"USC00435416","MOUNT MANSFIELD, VT US","2022-10-11","0.00",,"46","31","46"
"USC00435416","MOUNT MANSFIELD, VT US","2022-10-12","0.00","0.0","60","43","55"
"USC00435416","MOUNT MANSFIELD, VT US","2022-10-13","0.03","0.0","55","44","51"
"USC00435416","MOUNT MANSFIELD, VT US","2022-10-14","2.97","0.0","52","40","45"
"USC00435416","MOUNT MANSFIELD, VT US","2022-10-15","0.00","0.0","55","37","50"
"USC00435416","MOUNT MANSFIELD, VT US","2022-10-16","0.00","0.0","50","34","47"
"USC00435416","MOUNT MANSFIELD, VT US","2022-10-17","0.05","0.0","47","36","38"
"USC00435416","MOUNT MANSFIELD, VT US","2022-10-18","0.18","0.0","45","35","38"
"USC00435416","MOUNT MANSFIELD, VT US","2022-10-19","0.02",,"41","30","33"
"USC00435416","MOUNT MANSFIELD, VT US","2022-10-20","0.00",,"36","28","32"
"USC00435416","MOUNT MANSFIELD, VT US","2022-10-21","0.00","0.0","47","28","45"
"USC00435416","MOUNT MANSFIELD, VT US","2022-10-22","0.00","0.0","58","38","56"
"USC00435416","MOUNT MANSFIELD, VT US","2022-10-23","0.00","0.0","61","49","53"
"USC00435416","MOUNT MANSFIELD, VT US","2022-10-24","0.15","0.0","55","47","54"
"USC00435416","MOUNT MANSFIELD, VT US","2022-10-25","0.02","0.0","62","54","56"
"USC00435416","MOUNT MANSFIELD, VT US","2022-10-26","0.01","0.0","59","54","57"
"USC00435416","MOUNT MANSFIELD, VT US","2022-10-27","0.31","0.0","59","31","32"
"USC00435416","MOUNT MANSFIELD, VT US","2022-10-28","0.00","0.0","46","25","42"
"USC00435416","MOUNT MANSFIELD, VT US","2022-10-29","0.00","0.0","51","35","49"
"USC00435416","MOUNT MANSFIELD, VT US","2022-10-30","0.00","0.0","59","43","53"
"USC00435416","MOUNT MANSFIELD, VT US","2022-10-31","0.00","0.0","56","42","47"
"USC00435416","MOUNT MANSFIELD, VT US","2022-11-01","0.03","0.0","50","45","48"
"USC00435416","MOUNT MANSFIELD, VT US","2022-11-02","0.07","0.0","50","40","46"
"USC00435416","MOUNT MANSFIELD, VT US","2022-11-03","0.00","0.0","54","42","52"
"USC00435416","MOUNT MANSFIELD, VT US","2022-11-04","0.00","0.0","58","44","52"
"USC00435416","MOUNT MANSFIELD, VT US","2022-11-05","0.00","0.0","57","46","57"
"USC00435416","MOUNT MANSFIELD, VT US","2022-11-06","0.03","0.0","60","54","56"
"USC00435416","MOUNT MANSFIELD, VT US","2022-11-07","0.77","0.0","58","43","43"
"USC00435416","MOUNT MANSFIELD, VT US","2022-11-08","0.00","0.0","43","21","25"
"USC00435416","MOUNT MANSFIELD, VT US","2022-11-09","0.00","0.0","47","20","42"
"USC00435416","MOUNT MANSFIELD, VT US","2022-11-10","0.00","0.0","53","38","50"
"USC00435416","MOUNT MANSFIELD, VT US","2022-11-11","0.03","0.0","55","44","53"
"USC00435416","MOUNT MANSFIELD, VT US","2022-11-12","1.83","0.0","59","43","43"
"USC00435416","MOUNT MANSFIELD, VT US","2022-11-13","0.11",,"43","24","24"
"USC00435416","MOUNT MANSFIELD, VT US","2022-11-14","0.03","1.0","24","12","17"
"USC00435416","MOUNT MANSFIELD, VT US","2022-11-15","0.00","1.0","24","15","19"
"USC00435416","MOUNT MANSFIELD, VT US","2022-11-16","0.43","7.0","30","17","26"
"USC00435416","MOUNT MANSFIELD, VT US","2022-11-17","0.09","9.0","26","15","16"
"USC00435416","MOUNT MANSFIELD, VT US","2022-11-18","0.03","10.0","20","10","18"
"USC00435416","MOUNT MANSFIELD, VT US","2022-11-19","0.03","9.0","30","15","24"
"USC00435416","MOUNT MANSFIELD, VT US","2022-11-20","0.06","10.0","24","9","9"
"USC00435416","MOUNT MANSFIELD, VT US","2022-11-21","0.01","9.0","17","0","15"
"USC00435416","MOUNT MANSFIELD, VT US","2022-11-22","0.00","9.0","23","12","21"
"USC00435416","MOUNT MANSFIELD, VT US","2022-11-23","0.00","8.0","24","19","20"
"USC00435416","MOUNT MANSFIELD, VT US","2022-11-24","0.00","8.0","30","16","28"
"USC00435416","MOUNT MANSFIELD, VT US","2022-11-25","0.10","8.0","32","27","27"
"USC00435416","MOUNT MANSFIELD, VT US","2022-11-26","0.15","8.0","31","19","28"
"USC00435416","MOUNT MANSFIELD, VT US","2022-11-27",,"8.0","40","28","36"
"USC00435416","MOUNT MANSFIELD, VT US","2022-11-28",,"8.0","36","21","21"
"USC00435416","MOUNT MANSFIELD, VT US","2022-11-29",,"9.0","23","12","18"
"USC00435416","MOUNT MANSFIELD, VT US","2022-11-30","0.55","9.0","33","18","33"
"USC00435416","MOUNT MANSFIELD, VT US","2022-12-01","0.72","10.0","38","15","16"
"USC00435416","MOUNT MANSFIELD, VT US","2022-12-02","0.00","10.0","26","15","21"
"USC00435416","MOUNT MANSFIELD, VT US","2022-12-03","0.17","8.0","38","21","38"
"USC00435416","MOUNT MANSFIELD, VT US","2022-12-04","0.05","9.0","38","12","16"
"USC00435416","MOUNT MANSFIELD, VT US","2022-12-05","0.00","8.0","32","15","27"
"USC00435416","MOUNT MANSFIELD, VT US","2022-12-06","0.08","8.0","35","24","33"
"USC00435416","MOUNT MANSFIELD, VT US","2022-12-07","0.65","7.0","44","33","43"
"USC00435416","MOUNT MANSFIELD, VT US","2022-12-08","0.21","6.0","44","22","22"
"USC00435416","MOUNT MANSFIELD, VT US","2022-12-09","0.00","6.0","24","14","17"
"USC00435416","MOUNT MANSFIELD, VT US","2022-12-10",,"6.0","30","14","24"
"USC00435416","MOUNT MANSFIELD, VT US","2022-12-11","0.03","6.0","28","15","20"
"USC00435416","MOUNT MANSFIELD, VT US","2022-12-12","0.14","6.0","22","10","15"
"USC00435416","MOUNT MANSFIELD, VT US","2022-12-13","0.00","6.0","23","12","14"
"USC00435416","MOUNT MANSFIELD, VT US","2022-12-14","0.05","7.0","19","2","19"
"USC00435416","MOUNT MANSFIELD, VT US","2022-12-15","0.00","7.0","27","19","24"
"USC00435416","MOUNT MANSFIELD, VT US","2022-12-16","0.22",,"24","20","22"
"USC00435416","MOUNT MANSFIELD, VT US","2022-12-17","0.06","20.0","25","20","21"
"USC00435416","MOUNT MANSFIELD, VT US","2022-12-18","0.01","18.0","21","16","17"
"USC00435416","MOUNT MANSFIELD, VT US","2022-12-19","0.00","19.0","18","15","16"
"USC00435416","MOUNT MANSFIELD, VT US","2022-12-20","0.02","18.0","20","13","15"
"USC00435416","MOUNT MANSFIELD, VT US","2022-12-21","0.00","18.0","29","11","21"
"USC00435416","MOUNT MANSFIELD, VT US","2022-12-22","0.00","17.0","23","15","18"
"USC00435416","MOUNT MANSFIELD, VT US","2022-12-23","2.47","19.0","38","18","32"
"USC00435416","MOUNT MANSFIELD, VT US","2022-12-24",,"20.0","32","-7","-4"
"USC00435416","MOUNT MANSFIELD, VT US","2022-12-25",,"20.0","7","-5","7"
"USC00435416","MOUNT MANSFIELD, VT US","2022-12-26",,"21.0","10","5","9"
"USC00435416","MOUNT MANSFIELD, VT US","2022-12-27",,"24.0","11","7","10"
"USC00435416","MOUNT MANSFIELD, VT US","2022-12-28",,"24.0","19","10","18"
"USC00435416","MOUNT MANSFIELD, VT US","2022-12-29","0.00","24.0","32","18","29"
"USC00435416","MOUNT MANSFIELD, VT US","2022-12-30","0.00","18.0","45","29","43"
"USC00435416","MOUNT MANSFIELD, VT US","2022-12-31","0.04","15.0","44","39","40"
"USC00435416","MOUNT MANSFIELD, VT US","2023-01-01","0.81","13.0","44","24","24"
"USC00435416","MOUNT MANSFIELD, VT US","2023-01-02",,"12.0","27","23","25"
"USC00435416","MOUNT MANSFIELD, VT US","2023-01-03","0.00","12.0","33","21","32"
"USC00435416","MOUNT MANSFIELD, VT US","2023-01-04","0.07","10.0","41","32","33"
"USC00435416","MOUNT MANSFIELD, VT US","2023-01-05",,"10.0","33","29","30"
"USC00435416","MOUNT MANSFIELD, VT US","2023-01-06",,"10.0","31","25","27"
"USC00435416","MOUNT MANSFIELD, VT US","2023-01-07",,"13.0","28","11","11"
"USC00435416","MOUNT MANSFIELD, VT US","2023-01-08",,"14.0","18","2","16"
"USC00435416","MOUNT MANSFIELD, VT US","2023-01-09","0.00","14.0","17","13","16"
"USC00435416","MOUNT MANSFIELD, VT US","2023-01-10",,,"20","4","10"
"USC00435416","MOUNT MANSFIELD, VT US","2023-01-11",,"18.0","28","3","11"
"USC00435416","MOUNT MANSFIELD, VT US","2023-01-12",,"18.0","21","9","21"
"USC00435416","MOUNT MANSFIELD, VT US","2023-01-13",,,"33","16","16"
"USC00435416","MOUNT MANSFIELD, VT US","2023-01-14",,"21.0","24","12","16"
"USC00435416","MOUNT MANSFIELD, VT US","2023-01-15",,"22.0","28","9","21"
"USC00435416","MOUNT MANSFIELD, VT US","2023-01-16",,,"25","14","21"
"USC00435416","MOUNT MANSFIELD, VT US","2023-01-17",,,"32","18","24"
"USC00435416","MOUNT MANSFIELD, VT US","2023-01-18",,"23.0","32","24","25"
"USC00435416","MOUNT MANSFIELD, VT US","2023-01-19",,"23.0","29","18","23"
"USC00435416","MOUNT MANSFIELD, VT US","2023-01-20",,"26.0","25","20","25"
"USC00435416","MOUNT MANSFIELD, VT US","2023-01-21",,"27.0","25","11","15"
"USC00435416","MOUNT MANSFIELD, VT US","2023-01-22",,"27.0","21","14","17"
"USC00435416","MOUNT MANSFIELD, VT US","2023-01-23",,"29.0","26","16","16"
"USC00435416","MOUNT MANSFIELD, VT US","2023-01-24",,"30.0","21","15","21"
"USC00435416","MOUNT MANSFIELD, VT US","2023-01-25",,"31.0","21","11","14"
"USC00435416","MOUNT MANSFIELD, VT US","2023-01-26",,"38.0","30","13","13"
"USC00435416","MOUNT MANSFIELD, VT US","2023-01-27",,"40.0","21","9","19"
"USC00435416","MOUNT MANSFIELD, VT US","2023-01-28",,"40.0","23","16","20"
"USC00435416","MOUNT MANSFIELD, VT US","2023-01-29",,"39.0","28","17","28"
"USC00435416","MOUNT MANSFIELD, VT US","2023-01-30",,"41.0","28","12","17"
"USC00435416","MOUNT MANSFIELD, VT US","2023-01-31",,"44.0","19","4","16"
"USC00435416","MOUNT MANSFIELD, VT US","2023-02-01",,"42.0","16","-7","8"
"USC00435416","MOUNT MANSFIELD, VT US","2023-02-02",,"42.0","17","5","15"
"USC00435416","MOUNT MANSFIELD, VT US","2023-02-03",,"42.0","15","-28","-27"
"USC00435416","MOUNT MANSFIELD, VT US","2023-02-04",,"42.0","0","-35","-1"
"USC00435416","MOUNT MANSFIELD, VT US","2023-02-05","0.00","42.0","23","-9","22"
"USC00435416","MOUNT MANSFIELD, VT US","2023-02-06","0.00","42.0","30","22","28"
"USC00435416","MOUNT MANSFIELD, VT US","2023-02-07","0.00","41.0","28","9","20"
"USC00435416","MOUNT MANSFIELD, VT US","2023-02-08",,"41.0","27","20","26"
"USC00435416","MOUNT MANSFIELD, VT US","2023-02-09",,"41.0","30","20","25"
"USC00435416","MOUNT MANSFIELD, VT US","2023-02-10",,"39.0","41","24","25"
"USC00435416","MOUNT MANSFIELD, VT US","2023-02-11",,"43.0",,,
"USC00435416","MOUNT MANSFIELD, VT US","2023-02-12","0.00","42.0",,,"25"
"USC00435416","MOUNT MANSFIELD, VT US","2023-02-13",,"42.0","33","20","29"
"USC00435416","MOUNT MANSFIELD, VT US","2023-02-14",,"45.0","29","19","23"
"USC00435416","MOUNT MANSFIELD, VT US","2023-02-15","0.00","45.0","42","21","39"
"USC00435416","MOUNT MANSFIELD, VT US","2023-02-16",,"42.0",,,"29"
"USC00435416","MOUNT MANSFIELD, VT US","2023-02-17",,"43.0","42","2","2"
"USC00435416","MOUNT MANSFIELD, VT US","2023-02-18",,"43.0","17",,"16"
"USC00435416","MOUNT MANSFIELD, VT US","2023-02-19",,"42.0","29","13","25"
"USC00435416","MOUNT MANSFIELD, VT US","2023-02-20",,"43.0","30","19","25"
"USC00435416","MOUNT MANSFIELD, VT US","2023-02-21",,"44.0","26","13","24"
"USC00435416","MOUNT MANSFIELD, VT US","2023-02-22",,"45.0","25","4","10"
"USC00435416","MOUNT MANSFIELD, VT US","2023-02-23",,"52.0","16","6","15"
"USC00435416","MOUNT MANSFIELD, VT US","2023-02-24",,"50.0","22","-8","-3"
"USC00435416","MOUNT MANSFIELD, VT US","2023-02-25",,"50.0","16","-19","0"
"USC00435416","MOUNT MANSFIELD, VT US","2023-02-26",,"53.0","28","-2","16"
"USC00435416","MOUNT MANSFIELD, VT US","2023-02-27",,"54.0","23","3","19"
"USC00435416","MOUNT MANSFIELD, VT US","2023-02-28",,"56.0","19","2","18"
"USC00435416","MOUNT MANSFIELD, VT US","2023-03-01",,"56.0","31","15","23"
"USC00435416","MOUNT MANSFIELD, VT US","2023-03-02",,"57.0",,,
"USC00435416","MOUNT MANSFIELD, VT US","2023-03-03",,"57.0",,,
"USC00435416","MOUNT MANSFIELD, VT US","2023-03-04",,"64.0",,,
"USC00435416","MOUNT MANSFIELD, VT US","2023-03-05",,"64.0",,,
"USC00435416","MOUNT MANSFIELD, VT US","2023-03-06",,"63.0",,,
"USC00435416","MOUNT MANSFIELD, VT US","2023-03-07",,"65.0",,,
"USC00435416","MOUNT MANSFIELD, VT US","2023-03-08",,"65.0",,,
"USC00435416","MOUNT MANSFIELD, VT US","2023-03-09",,"64.0",,,
"USC00435416","MOUNT MANSFIELD, VT US","2023-03-10",,"63.0",,,
"USC00435416","MOUNT MANSFIELD, VT US","2023-03-11","0.00","62.0",,,
"USC00435416","MOUNT MANSFIELD, VT US","2023-03-12","0.00","62.0",,,
"USC00435416","MOUNT MANSFIELD, VT US","2023-03-13",,"62.0",,,
"USC00435416","MOUNT MANSFIELD, VT US","2023-03-14",,"77.0","26","20","21"
"USC00435416","MOUNT MANSFIELD, VT US","2023-03-15",,"90.0",,,
"USC00435416","MOUNT MANSFIELD, VT US","2023-03-16",,"86.0",,,
"USC00435416","MOUNT MANSFIELD, VT US","2023-03-17",,"83.0",,,
"USC00435416","MOUNT MANSFIELD, VT US","2023-03-18",,"81.0",,,
"USC00435416","MOUNT MANSFIELD, VT US","2023-03-19",,"84.0",,,
"USC00435416","MOUNT MANSFIELD, VT US","2023-03-20",,"84.0",,,
"USC00435416","MOUNT MANSFIELD, VT US","2023-03-21",,"83.0","41","13","27"
"USC00435416","MOUNT MANSFIELD, VT US","2023-03-22",,"83.0","41","20","38"
"USC00435416","MOUNT MANSFIELD, VT US","2023-03-23",,"82.0","38","30","35"
"USC00435416","MOUNT MANSFIELD, VT US","2023-03-24",,"80.0","35","18","21"
"USC00435416","MOUNT MANSFIELD, VT US","2023-03-25",,"79.0","24","17","21"
"USC00435416","MOUNT MANSFIELD, VT US","2023-03-26",,"82.0",,,
"USC00435416","MOUNT MANSFIELD, VT US","2023-03-27",,"81.0",,,
"USC00435416","MOUNT MANSFIELD, VT US","2023-03-28",,"80.0","30","20","25"
"USC00435416","MOUNT MANSFIELD, VT US","2023-03-29",,"79.0","30","15","29"
"USC00435416","MOUNT MANSFIELD, VT US","2023-03-30",,"82.0",,,
"USC00435416","MOUNT MANSFIELD, VT US","2023-03-31",,"83.0",,,
"USC00435416","MOUNT MANSFIELD, VT US","2023-04-01",,"79.0",,,
"USC00435416","MOUNT MANSFIELD, VT US","2023-04-02",,"79.0",,,"15"
"USC00435416","MOUNT MANSFIELD, VT US","2023-04-03",,"78.0","36","10","33"
"USC00435416","MOUNT MANSFIELD, VT US","2023-04-04",,"77.0","41","17","35"
"USC00435416","MOUNT MANSFIELD, VT US","2023-04-05",,"76.0","39","25","30"
"USC00435416","MOUNT MANSFIELD, VT US","2023-04-06",,"75.0",,,
"USC00435416","MOUNT MANSFIELD, VT US","2023-04-07",,"74.0",,,
"USC00435416","MOUNT MANSFIELD, VT US","2023-04-08",,"73.0",,,
"USC00435416","MOUNT MANSFIELD, VT US","2023-04-09",,"72.0","36",,"28"
"USC00435416","MOUNT MANSFIELD, VT US","2023-04-10",,"71.0","51",,"49"
"USC00435416","MOUNT MANSFIELD, VT US","2023-04-11",,"70.0","50",,"50"
"USC00435416","MOUNT MANSFIELD, VT US","2023-04-12",,"67.0","51",,"41"
"USC00435416","MOUNT MANSFIELD, VT US","2023-04-13",,"62.0","70",,"69"
"USC00435416","MOUNT MANSFIELD, VT US","2023-04-14",,"56.0","69","49","68"
"USC00435416","MOUNT MANSFIELD, VT US","2023-04-15",,"48.0","69","45","67"
"USC00435416","MOUNT MANSFIELD, VT US","2023-04-16","0.00","47.0","70","52","63"
"USC00435416","MOUNT MANSFIELD, VT US","2023-04-17","0.38","43.0","63","43","44"
"USC00435416","MOUNT MANSFIELD, VT US","2023-04-18",,"42.0",,,
"USC00435416","MOUNT MANSFIELD, VT US","2023-04-19",,"42.0","28","18","25"
"USC00435416","MOUNT MANSFIELD, VT US","2023-04-20","0.00","41.0","33",,"33"
"USC00435416","MOUNT MANSFIELD, VT US","2023-04-21",,"38.0","56","29","56"
"USC00435416","MOUNT MANSFIELD, VT US","2023-04-22",,"36.0","56","34","41"
"USC00435416","MOUNT MANSFIELD, VT US","2023-04-23",,"36.0","41",,"33"
"USC00435416","MOUNT MANSFIELD, VT US","2023-04-24",,"35.0","35","32","32"
"USC00435416","MOUNT MANSFIELD, VT US","2023-04-25",,"35.0","39","29","32"
"USC00435416","MOUNT MANSFIELD, VT US","2023-04-26",,"34.0","42","27","35"
"USC00435416","MOUNT MANSFIELD, VT US","2023-04-27",,"33.0","42","30","37"
"USC00435416","MOUNT MANSFIELD, VT US","2023-04-28",,"31.0","55","32","52"
"USC00435416","MOUNT MANSFIELD, VT US","2023-04-29","0.01","31.0","52","34","34"
"USC00435416","MOUNT MANSFIELD, VT US","2023-04-30","0.21","31.0","39","32","38"
"USC00435416","MOUNT MANSFIELD, VT US","2023-05-01","0.54","31.0","44","29","38"
"USC00435416","MOUNT MANSFIELD, VT US","2023-05-02","0.26","31.0","41","30","38"
"USC00435416","MOUNT MANSFIELD, VT US","2023-05-03","0.14","31.0","39","33","34"
"USC00435416","MOUNT MANSFIELD, VT US","2023-05-04","0.09","31.0","36","32","34"
"USC00435416","MOUNT MANSFIELD, VT US","2023-05-05","0.04","30.0","45","33","42"
"USC00435416","MOUNT MANSFIELD, VT US","2023-05-06","0.00","28.0","56","39","55"
"USC00435416","MOUNT MANSFIELD, VT US","2023-05-07","0.00","26.0","60","42","55"
"USC00435416","MOUNT MANSFIELD, VT US","2023-05-08","0.00","25.0","55","38","46"
"USC00435416","MOUNT MANSFIELD, VT US","2023-05-09","0.00","21.0","46","33","43"
"USC00435416","MOUNT MANSFIELD, VT US","2023-05-10","0.00","19.0","58","34","57"
"USC00435416","MOUNT MANSFIELD, VT US","2023-05-11","0.00","17.0","63","43","62"
"USC00435416","MOUNT MANSFIELD, VT US","2023-05-12","0.09","16.0","64","46","60"
"USC00435416","MOUNT MANSFIELD, VT US","2023-05-13","0.00","15.0","63","37","54"
"USC00435416","MOUNT MANSFIELD, VT US","2023-05-14","0.00","12.0","55","27","44"
"USC00435416","MOUNT MANSFIELD, VT US","2023-05-15","0.00","10.0","55","39","53"
"USC00435416","MOUNT MANSFIELD, VT US","2023-05-16","0.00","10.0","55","42","42"
"USC00435416","MOUNT MANSFIELD, VT US","2023-05-17","0.02","10.0","42","19","22"
"USC00435416","MOUNT MANSFIELD, VT US","2023-05-18","0.00","10.0","48","22","46"
"USC00435416","MOUNT MANSFIELD, VT US","2023-05-19","0.00","6.0",,,
"USC00435416","MOUNT MANSFIELD, VT US","2023-05-20","0.10","3.0","64","46","52"
"USC00435416","MOUNT MANSFIELD, VT US","2023-05-21","0.60","1.0","54","35","52"
"USC00435416","MOUNT MANSFIELD, VT US","2023-05-22","0.03","0.0","56","38","51"
"USC00435416","MOUNT MANSFIELD, VT US","2023-05-23",,"0.0","66","43","63"
"USC00435416","MOUNT MANSFIELD, VT US","2023-05-24","0.30","0.0","64","41","41"
"USC00435416","MOUNT MANSFIELD, VT US","2023-05-25",,"0.0","45","31","45"
"USC00435416","MOUNT MANSFIELD, VT US","2023-05-26","0.00","0.0","55","37","55"
"USC00435416","MOUNT MANSFIELD, VT US","2023-05-27",,"0.0","69","45","65"
"USC00435416","MOUNT MANSFIELD, VT US","2023-05-28","0.00","0.0",,,
"USC00435416","MOUNT MANSFIELD, VT US","2023-05-29",,"0.0",,,
"USC00435416","MOUNT MANSFIELD, VT US","2023-05-30","0.00","0.0",,,
"USC00435416","MOUNT MANSFIELD, VT US","2023-05-31",,"0.0",,,
"USC00435416","MOUNT MANSFIELD, VT US","2023-06-01","0.00","0.0",,,
"USC00435416","MOUNT MANSFIELD, VT US","2023-06-02","0.00","0.0",,,
"USC00435416","MOUNT MANSFIELD, VT US","2023-06-03","0.11","0.0",,"45","51"
"USC00435416","MOUNT MANSFIELD, VT US","2023-06-04","0.05","0.0","53","36","51"
"USC00435416","MOUNT MANSFIELD, VT US","2023-06-05","0.00","0.0","58","40","57"
"USC00435416","MOUNT MANSFIELD, VT US","2023-06-06","0.00","0.0","58","45","52"
"USC00435416","MOUNT MANSFIELD, VT US","2023-06-07","0.58","0.0","52","39","41"
"USC00435416","MOUNT MANSFIELD, VT US","2023-06-08","0.22","0.0","48","38","44"
"USC00435416","MOUNT MANSFIELD, VT US","2023-06-09","0.18","0.0","51","41","49"
"USC00435416","MOUNT MANSFIELD, VT US","2023-06-10","0.42","0.0","55","41","55"
"USC00435416","MOUNT MANSFIELD, VT US","2023-06-11","0.04","0.0","66","48","63"
"USC00435416","MOUNT MANSFIELD, VT US","2023-06-12","0.01","0.0","74","53","72"
"USC00435416","MOUNT MANSFIELD, VT US","2023-06-13",,"0.0","72","52","57"
"USC00435416","MOUNT MANSFIELD, VT US","2023-06-14",,"0.0","65","51","59"
"USC00435416","MOUNT MANSFIELD, VT US","2023-06-15","0.00","0.0","61","48","61"
"USC00435416","MOUNT MANSFIELD, VT US","2023-06-16",,"0.0","63","49",
"USC00435416","MOUNT MANSFIELD, VT US","2023-06-17","1.04","0.0","58","49","51"
"USC00435416","MOUNT MANSFIELD, VT US","2023-06-18","0.13","0.0","56","46","48"
"USC00435416","MOUNT MANSFIELD, VT US","2023-06-19","0.00","0.0","61","45","55"
"USC00435416","MOUNT MANSFIELD, VT US","2023-06-20","0.03","0.0","64","49","62"
"USC00435416","MOUNT MANSFIELD, VT US","2023-06-21",,"0.0",,,
"USC00435416","MOUNT MANSFIELD, VT US","2023-06-22",,"0.0",,,
"USC00435416","MOUNT MANSFIELD, VT US","2023-06-23",,"0.0",,,
"USC00435416","MOUNT MANSFIELD, VT US","2023-06-24","0.27","0.0",,,
"USC00435416","MOUNT MANSFIELD, VT US","2023-06-25","0.40","0.0",,,
"USC00435416","MOUNT MANSFIELD, VT US","2023-06-26","0.05","0.0","66","58","64"
"USC00435416","MOUNT MANSFIELD, VT US","2023-06-27","0.28","0.0","64","57","57"
"USC00435416","MOUNT MANSFIELD, VT US","2023-06-28","0.00","0.0","62","57","59"
"USC00435416","MOUNT MANSFIELD, VT US","2023-06-29","0.56","0.0","60","51","56"
"USC00435416","MOUNT MANSFIELD, VT US","2023-06-30",,"0.0",,"56",
"USC00435416","MOUNT MANSFIELD, VT US","2023-07-01",,"0.0","70","59",
"USC00435416","MOUNT MANSFIELD, VT US","2023-07-02","0.52","0.0",,,"61"
"USC00435416","MOUNT MANSFIELD, VT US","2023-07-03","0.13","0.0","67","59","65"
"USC00435416","MOUNT MANSFIELD, VT US","2023-07-04","0.27","0.0",,"55",
"USC00435416","MOUNT MANSFIELD, VT US","2023-07-05",,"0.0",,,
"USC00435416","MOUNT MANSFIELD, VT US","2023-07-06","0.00","0.0",,,
"USC00435416","MOUNT MANSFIELD, VT US","2023-07-07","0.05","0.0",,,
"USC00435416","MOUNT MANSFIELD, VT US","2023-07-08","0.03","0.0",,"60","67"
"USC00435416","MOUNT MANSFIELD, VT US","2023-07-09","0.04","0.0","70","60","66"
"USC00435416","MOUNT MANSFIELD, VT US","2023-07-10","5.38","0.0","72","57","59"
"USC00435416","MOUNT MANSFIELD, VT US","2023-07-11","1.10","0.0","66","55",
"USC00435416","MOUNT MANSFIELD, VT US","2023-07-12","0.08","0.0","65","52","62"
"USC00435416","MOUNT MANSFIELD, VT US","2023-07-13","0.43","0.0","68","52","61"
"USC00435416","MOUNT MANSFIELD, VT US","2023-07-14","0.30","0.0","72","52","66"
"USC00435416","MOUNT MANSFIELD, VT US","2023-07-15","0.00","0.0","71","58","71"
"USC00435416","MOUNT MANSFIELD, VT US","2023-07-16","0.52","0.0","72","56","70"
"USC00435416","MOUNT MANSFIELD, VT US","2023-07-17",,"0.0",,"58",
"USC00435416","MOUNT MANSFIELD, VT US","2023-07-18","0.75","0.0",,,
"USC00435416","MOUNT MANSFIELD, VT US","2023-07-19","0.08","0.0",,"55","67"
"USC00435416","MOUNT MANSFIELD, VT US","2023-07-20","0.00","0.0",,"54",
"USC00435416","MOUNT MANSFIELD, VT US","2023-07-21","0.68","0.0","77","55","60"
"USC00435416","MOUNT MANSFIELD, VT US","2023-07-22","1.16","0.0","62","52","56"
"USC00435416","MOUNT MANSFIELD, VT US","2023-07-23","0.01","0.0","67","53","65"
"USC00435416","MOUNT MANSFIELD, VT US","2023-07-24","0.00","0.0","71","57","65"
"USC00435416","MOUNT MANSFIELD, VT US","2023-07-25","0.00","0.0","66","56","66"
"USC00435416","MOUNT MANSFIELD, VT US","2023-07-26","0.00","0.0",,"54",
"USC00435416","MOUNT MANSFIELD, VT US","2023-07-27","0.87","0.0",,,"62"
"USC00435416","MOUNT MANSFIELD, VT US","2023-07-28","0.06","0.0",,,
"USC00435416","MOUNT MANSFIELD, VT US","2023-07-29","0.13","0.0",,,
"USC00435416","MOUNT MANSFIELD, VT US","2023-07-30","0.27","0.0","60","42","59"
"USC00435416","MOUNT MANSFIELD, VT US","2023-07-31","0.12","0.0","61","49","52"
"USC00435416","MOUNT MANSFIELD, VT US","2023-08-01",,"0.0","56","41","53"
"USC00435416","MOUNT MANSFIELD, VT US","2023-08-02",,"0.0","61","45","60"
"USC00435416","MOUNT MANSFIELD, VT US","2023-08-03","0.07","0.0","61","51","57"
"USC00435416","MOUNT MANSFIELD, VT US","2023-08-04","0.94","0.0","60","52","57"
"USC00435416","MOUNT MANSFIELD, VT US","2023-08-05","0.02","0.0","62","52","60"
"USC00435416","MOUNT MANSFIELD, VT US","2023-08-06","0.00","0.0",,"51","61"
"USC00435416","MOUNT MANSFIELD, VT US","2023-08-07","0.19","0.0","64","53","55"
"USC00435416","MOUNT MANSFIELD, VT US","2023-08-08","1.52","0.0","62","55","61"
"USC00435416","MOUNT MANSFIELD, VT US","2023-08-09","0.64","0.0","62","51","62"
"USC00435416","MOUNT MANSFIELD, VT US","2023-08-10","0.00","0.0","70","55","70"
"USC00435416","MOUNT MANSFIELD, VT US","2023-08-11","0.80","0.0",,"50",
"USC00435416","MOUNT MANSFIELD, VT US","2023-08-12","0.05","0.0","70","50","65"
"USC00435416","MOUNT MANSFIELD, VT US","2023-08-13","0.31","0.0","65","56","62"
"USC00435416","MOUNT MANSFIELD, VT US","2023-08-14","0.15","0.0","62","53","58"
"USC00435416","MOUNT MANSFIELD, VT US","2023-08-15","0.03","0.0","68","53","61"
"USC00435416","MOUNT MANSFIELD, VT US","2023-08-16","0.86","0.0","63","54","59"
"USC00435416","MOUNT MANSFIELD, VT US","2023-08-17","0.09","0.0","63","57","60"
"USC00435416","MOUNT MANSFIELD, VT US","2023-08-18","0.21","0.0","61","55","58"
"USC00435416","MOUNT MANSFIELD, VT US","2023-08-19","0.77","0.0","60","47","49"
"USC00435416","MOUNT MANSFIELD, VT US","2023-08-20","0.16","0.0","64","48","63"
"USC00435416","MOUNT MANSFIELD, VT US","2023-08-21","0.05","0.0","63","55","57"
"USC00435416","MOUNT MANSFIELD, VT US","2023-08-22","0.00","0.0","59","47","58"
"USC00435416","MOUNT MANSFIELD, VT US","2023-08-23","0.00","0.0",,"49","62"
"USC00435416","MOUNT MANSFIELD, VT US","2023-08-24",,"0.0",,"52",
"USC00435416","MOUNT MANSFIELD, VT US","2023-08-25",,"0.0","60","48","59"
"USC00435416","MOUNT MANSFIELD, VT US","2023-08-26",,"0.0","73","43","57"
"USC00435416","MOUNT MANSFIELD, VT US","2023-08-27",,"0.0","59","51","54"
"USC00435416","MOUNT MANSFIELD, VT US","2023-08-28","0.00","0.0",,"51",
"USC00435416","MOUNT MANSFIELD, VT US","2023-08-29",,"0.0",,,
"USC00435416","MOUNT MANSFIELD, VT US","2023-08-30",,"0.0",,,
"USC00435416","MOUNT MANSFIELD, VT US","2023-08-31",,"0.0",,"38","53"
"USC00435416","MOUNT MANSFIELD, VT US","2023-09-01","0.00","0.0","61","45","58"
"USC00435416","MOUNT MANSFIELD, VT US","2023-09-02",,"0.0","69","50","60"
"USC00435416","MOUNT MANSFIELD, VT US","2023-09-03",,"0.0",,,
"USC00435416","MOUNT MANSFIELD, VT US","2023-09-04",,"0.0",,,
"USC00435416","MOUNT MANSFIELD, VT US","2023-09-05","0.00","0.0",,,
"USC00435416","MOUNT MANSFIELD, VT US","2023-09-06","0.00","0.0",,,
"USC00435416","MOUNT MANSFIELD, VT US","2023-09-07",,"0.0",,,"56"
"USC00435416","MOUNT MANSFIELD, VT US","2023-09-08","0.33","0.0",,,
"USC00435416","MOUNT MANSFIELD, VT US","2023-09-09","0.10","0.0","65","51","60"
"USC00435416","MOUNT MANSFIELD, VT US","2023-09-10","0.27","0.0",,,"59"
"USC00435416","MOUNT MANSFIELD, VT US","2023-09-11","0.06","0.0","62","56","57"
"USC00435416","MOUNT MANSFIELD, VT US","2023-09-12","0.02","0.0","76","54","61"
"USC00435416","MOUNT MANSFIELD, VT US","2023-09-13","0.04","0.0","61","54","55"
"USC00435416","MOUNT MANSFIELD, VT US","2023-09-14","0.24","0.0","62","44",
"USC00435416","MOUNT MANSFIELD, VT US","2023-09-15","0.00","0.0","55","40","52"
"USC00435416","MOUNT MANSFIELD, VT US","2023-09-16","0.00","0.0","54","44","50"
"USC00435416","MOUNT MANSFIELD, VT US","2023-09-17","0.00","0.0","61","44","55"
"USC00435416","MOUNT MANSFIELD, VT US","2023-09-18","0.21","0.0","56","45","51"
"USC00435416","MOUNT MANSFIELD, VT US","2023-09-19","0.27","0.0","52","47","48"
"USC00435416","MOUNT MANSFIELD, VT US","2023-09-20","0.13","0.0","53","42","52"
"USC00435416","MOUNT MANSFIELD, VT US","2023-09-21","0.00","0.0","56","43","55"
"USC00435416","MOUNT MANSFIELD, VT US","2023-09-22","0.00","0.0","61","45","57"
"USC00435416","MOUNT MANSFIELD, VT US","2023-09-23","0.00","0.0","61","46","54"
"USC00435416","MOUNT MANSFIELD, VT US","2023-09-24","0.00","0.0","60","50","57"
"USC00435416","MOUNT MANSFIELD, VT US","2023-09-25","0.00","0.0","60","48","56"
"USC00435416","MOUNT MANSFIELD, VT US","2023-09-26","0.00","0.0","60","38","53"
"USC00435416","MOUNT MANSFIELD, VT US","2023-09-27","0.00","0.0","61","43","58"
"USC00435416","MOUNT MANSFIELD, VT US","2023-09-28","0.00","0.0","61","47","59"
"USC00435416","MOUNT MANSFIELD, VT US","2023-09-29","0.03","0.0","59","47","56"
"USC00435416","MOUNT MANSFIELD, VT US","2023-09-30","0.00","0.0","67","48","62"
